{
    "T-shirt/top": {
        "precision": 0.7883831521739131,
        "recall": 0.8374526429731193,
        "f1-score": 0.8121774122998863,
        "support": 5543
    },
    "Trouser": {
        "precision": 0.9720607537971123,
        "recall": 0.9522409992652462,
        "f1-score": 0.9620488076459126,
        "support": 5444
    },
    "Pullover": {
        "precision": 0.7510441256582532,
        "recall": 0.75254730713246,
        "f1-score": 0.7517949650095429,
        "support": 5496
    },
    "Dress": {
        "precision": 0.8441535467893154,
        "recall": 0.8677941443898891,
        "f1-score": 0.8558106169296988,
        "support": 5499
    },
    "Coat": {
        "precision": 0.7368864901332434,
        "recall": 0.7926342525399129,
        "f1-score": 0.763744427934621,
        "support": 5512
    },
    "Sandal": {
        "precision": 0.9336299592139414,
        "recall": 0.9144724895587434,
        "f1-score": 0.9239519310155032,
        "support": 5507
    },
    "Shirt": {
        "precision": 0.6545493654549366,
        "recall": 0.5525694570546577,
        "f1-score": 0.5992516738873572,
        "support": 5507
    },
    "Sneaker": {
        "precision": 0.9034245334299692,
        "recall": 0.9085276967930029,
        "f1-score": 0.9059689288634506,
        "support": 5488
    },
    "Bag": {
        "precision": 0.9436212504517528,
        "recall": 0.9477313974591651,
        "f1-score": 0.9456718580224556,
        "support": 5510
    },
    "Ankle boot": {
        "precision": 0.9267071862710047,
        "recall": 0.9435748088824172,
        "f1-score": 0.935064935064935,
        "support": 5494
    },
    "accuracy": 0.8468,
    "macro avg": {
        "precision": 0.8454460363373443,
        "recall": 0.8469545196048613,
        "f1-score": 0.8455485556673363,
        "support": 55000
    },
    "weighted avg": {
        "precision": 0.8452389729086429,
        "recall": 0.8468,
        "f1-score": 0.8453665186712777,
        "support": 55000
    }
}